slug,name,merchant,kind,size_in,resolution,resolution_tier,aspect_ratio,refresh_hz,inputs,touch,touch_notes,power_path,power_notes,weight_lb,weight_notes,stand_type,stand_notes,mac_support,mac_notes,ipad_support,ipad_notes,brightness,official_url,support_urls,related_page,image_slug
arzopa_z3fc,"Arzopa Z3FC",Arzopa,portable_monitor,16.1,"2,560 × 1,440",qhd_or_higher,16:9,180,"2 × USB-C 3.1 with DP / PD | 1 × mini HDMI 2.0",unknown,"Touch is not listed in the cited Z3FC product documents.",usb_c_host_power,"A compatible USB-C host may carry video and power; HDMI needs separate USB-C power and the display has no listed battery.",1.72,"1.72 lb / 780 g listed by Arzopa.",built_in,"Built-in stand with landscape and portrait positioning listed; stability was not independently tested.",model_dependent,"Arzopa lists up to 180Hz over the DP / USB-C path, but the exact Mac, cable, resolution, and selected mode determine the available refresh rate.",documented_route,"A compatible USB-C iPad can provide a native video path; plan separate monitor power and do not assume iPadOS will expose 180Hz.","400 nits listed",https://global.arzopa.com/products/arzopa-z3fc-16-portable-gaming-monitor-2k-qhd-180hz-bundle,https://global.arzopa.com/pages/arzopa-manual-guide-center,/arzopa-z3fc-review,arzopa_z3fc
arzopa_z1rc,"Arzopa Z1RC",Arzopa,portable_monitor,16,"2,560 × 1,600",qhd_or_higher,16:10,60,"2 × full-function USB-C | 1 × mini HDMI 2.0",unknown,"Touch is not specified in the cited Z1RC product documents.",usb_c_host_power,"A compatible USB-C host can carry video and power; HDMI requires separate USB-C power.",1.79,"1.79 lb listed by Arzopa.",built_in,"Built-in stand with landscape and portrait positioning listed; stability was not independently tested.",model_dependent,"Use USB-C only when the exact Mac port and cable support DisplayPort video. The Mac model still sets display limits.",documented_route,"The cited iPad guide uses a full-featured USB-C route; add monitor power if the iPad cannot sustain the load.","350 nits listed",https://global.arzopa.com/products/arzopa-z1rc-2k-portable-monitor-brilliant-qhd-500nits-8bit-display,https://global.arzopa.com/pages/arzopa-manual-guide-center,/arzopa-z1rc-review,arzopa_z1rc
arzopa_z1fc,"Arzopa Z1FC",Arzopa,portable_monitor,16.1,"1,920 × 1,080",fhd,16:9,144,"2 × full-function USB-C | 1 × mini HDMI 2.0",unknown,"Touch is not specified in the cited Z1FC product documents.",usb_c_host_power,"A compatible USB-C host may carry video and power; HDMI requires separate USB-C power.",1.72,"1.72 lb listed by Arzopa.",built_in,"Built-in stand with landscape and portrait positioning listed; stability was not independently tested.",model_dependent,"The 144Hz ceiling is a monitor specification, not a guarantee that a particular MacBook can output 144Hz.",documented_route,"A full-featured USB-C video route is the starting point for a compatible USB-C iPad; verify power and display behavior for the exact iPad.","300 nits listed",https://global.arzopa.com/products/z1fc-16-1-fhd-144hz-portable-monitor,https://global.arzopa.com/pages/arzopa-manual-guide-center,/arzopa-z1c-vs-z1fc,arzopa_z1fc
arzopa_z1c,"Arzopa Z1C",Arzopa,portable_monitor,16.1,"1,920 × 1,080",fhd,16:9,60,"2 × full-function USB-C | 1 × mini HDMI 2.0",unknown,"Touch is not specified in the cited Z1C product documents.",usb_c_host_power,"8W rated power is listed; use separate power when the iPad or laptop cannot sustain the monitor load.",1.72,"1.72 lb listed in the current comparison source.",built_in,"Built-in stand with landscape and portrait positioning listed; stability was not independently tested.",model_dependent,"Use the USB-C path only after confirming DisplayPort video output on the exact computer port and cable.",documented_route,"The cited iPad guide uses USB-C video first and calls out separate power when the iPad cannot sustain the monitor.","300 nits listed",https://global.arzopa.com/products/z1c-16-1-travel-monitor,https://global.arzopa.com/pages/arzopa-manual-guide-center,/best-portable-monitor-for-ipad-pro,arzopa_z1c
asus_zen_screen_mb16acv,"ASUS ZenScreen MB16ACV",ASUS,portable_monitor,15.6,"1,920 × 1,080",fhd,16:9,60,"USB-C with DisplayPort Alt Mode | USB-A hybrid path",unknown,"Touch is not listed in the cited MB16ACV specification.",usb_c_host_power,"USB-C can carry video and power on a compatible DP Alt Mode host; the USB-A hybrid path uses a driver and a model-specific power plan.",1.98,"0.9 kg / 1.98 lb net weight listed by ASUS.",kickstand,"Fold-out kickstand with 15°–35° tilt and a 1/4-inch tripod socket listed.",driver_or_software,"USB-C DP Alt Mode is the no-graphics-driver route; the USB-A hybrid connection requires the ASUS/DisplayLink software path.",documented_route,"The cited iPad guide uses the native USB-C DP Alt Mode route; ASUS does not make a universal one-cable guarantee for every iPad Pro generation.","250 cd/m² typical listed",https://www.asus.com/us/displays-desktops/monitors/zenscreen/zenscreen-mb16acv/,"https://dlcdnets.asus.com/pub/ASUS/LCD%20Monitors/MB16ACV/MB16A_English.pdf?model=MB16ACV",/best-portable-monitor-for-laptop,asus_zen_screen_mb16acv
lenovo_thinkvision_m14_61dduar6us,"Lenovo ThinkVision M14",Lenovo,portable_monitor,14,"1,920 × 1,080",fhd,16:9,60,"2 × USB-C with DP 1.2 Alt Mode",unknown,"Touch is not listed in the cited Lenovo M14 PSREF.",usb_c_host_power,"6W typical / 7.5W maximum without USB-C output is listed; Lenovo documents USB-C power delivery and power pass-through behavior.",1.31,"0.598 kg / 1.31 lb listed in Lenovo PSREF.",kickstand,"Height-adjustable foot with -5° to 90° tilt listed; the delivered setup was not independently stability-tested.",native_if_port,"Native USB-C display path requires the Mac port to provide DP Alt Mode and power delivery; it does not bypass Apple display limits.",model_dependent,"The cited Lenovo documents do not establish universal iPad support. Verify the exact iPad USB-C display and power behavior.",Unknown,https://www.lenovo.com/us/en/p/accessories-and-software/monitors/office/61dduar6us,https://psref.lenovo.com/syspool/Sys/PDF/ThinkVision/ThinkVision_M14/ThinkVision_M14_Spec.pdf,/portable-monitor-vs-screen-extender,lenovo_thinkvision_m14_61dduar6us
mobile_pixels_duex_max_ds,"Mobile Pixels Duex Max DS","Mobile Pixels",attachable_screen_extender,14.1,"1,920 × 1,080",fhd,16:9,60,"USB-C | Mini HDMI | USB-A adapter path shown",unknown,"Touch is not specified in the cited Duex DS product documents.",usb_c_host_power,"4.5W listed; the manufacturer says power comes from the laptop and no battery is listed.",1.8,"1.8 lb listed for the Duex Max DS.",attachable,"Magnetic laptop attachment plus landscape, portrait, presentation, and kickstand modes listed.",model_dependent,"USB-C is plug and play when the host supports DP Alt Mode; HDMI is a fallback, and the physical attachment does not bypass Apple display limits.",unknown,"No iPad compatibility claim is established in the cited product and setup documents; verify before buying for iPad use.","300 nits listed",https://www.mobilepixels.us/products/duex-ds-series,https://www.mobilepixels.us/pages/duex-plus-ds-installation,/portable-monitor-vs-screen-extender,mobile_pixels_duex_max_ds
sidetrak_swivel_15_6_lttl151,"SideTrak Swivel 15.6 by Luxor","SideTrak / Luxor",attachable_screen_extender,15.6,"1,920 × 1,080",fhd,16:9,60,"2 × USB-C",unknown,"Touch is not listed in the cited Luxor LTTL151 specification.",usb_c_host_power,"4.5W listed with up to 60W DC passthrough and about 15W reserved; the exact host and cable still control the setup.",1.88,"1.88 lb including cord listed by Luxor.",attachable,"Magnetic attachment plate, 360° swivel, 270° rotation, and a mount that doubles as a freestanding kickstand.",native_if_port,"Luxor describes a driver-free USB-C path for a Mac port that carries video; the exact Mac and cable still need confirmation.",unknown,"No iPad compatibility claim is established in the cited Luxor product and manual documents.","400 nits listed",https://www.luxorworkspaces.com/sidetrak-swivel-15-6-attachable-portable-monitor,https://www.luxorworkspaces.com/media/wysiwyg/luxor_pdf/vault/pc/3542.pdf,/portable-monitor-vs-screen-extender,sidetrak_swivel_15_6_lttl151
viewsonic_td1655,"ViewSonic TD1655",ViewSonic,portable_monitor,15.6,"1,920 × 1,080",fhd,16:9,60,"2 × USB-C with DP 1.2 Alt Mode | Mini HDMI",yes,"10-point touch hardware is listed; Mac touch uses ViewSonic vTouch software.",usb_c_host_power,"The product page advertises 60W two-way USB-C power; mini HDMI carries video only and needs a separate USB power/data arrangement.",2,"About 2 lb listed in the cited product comparison.",kickstand,"Built-in stand is listed; use the manual for the exact positioning and cable arrangement.",driver_or_software,"The display path can use USB-C DP Alt Mode, while Mac touch is driver-assisted through ViewSonic vTouch.",unknown,"The cited ViewSonic sources establish Mac/Windows touch behavior, not a universal iPad touch or display guarantee.",Unknown,https://www.viewsonic.com/us/products/monitors/home-and-office-monitors/td1655-15-6-portable-1080p-ips-touch-monitor-with-60w-usb-c-and-mini-hdmi.html,"https://manuals.viewsonic.com/TD1655 | https://manuals.viewsonic.com/VTouch_Introduction",/best-touchscreen-portable-monitor-for-macbook,viewsonic_td1655
